"player_name","position","team","headshot_href","streak_total5","streak_total10","status","reason"
"Ja'Kobe Walter","G","TOR","https://a.espncdn.com/i/headshots/nba/players/full/4684272.png",94.1880384536847,94.4781762241837,"On Fire (last 5)","Last 5 avg (94.2) is 12.8 above season avg (58.9). Boosted by DEF, IMPACT"
"Shaedon Sharpe","G","POR","https://a.espncdn.com/i/headshots/nba/players/full/4914336.png",92.7647023420598,91.9331757806845,"On Fire (last 5)","Last 5 avg (92.8) is 13.3 above season avg (63.1). Boosted by SCORING, IMPACT"
"Keaton Wallace","G","ATL","https://a.espncdn.com/i/headshots/nba/players/full/4279118.png",91.7813953922364,91.7640200026515,"— Steady","Recent form (91.8) is close to season avg (61)"
"Matas Buzelis","F","CHI","https://a.espncdn.com/i/headshots/nba/players/full/4711294.png",91.6513467217521,93.9197762684122,"On Fire (last 5)","Last 5 avg (91.7) is 13 above season avg (61.9). Boosted by SCORING, DISC"
"Jonathan Mogbo","F","TOR","https://a.espncdn.com/i/headshots/nba/players/full/5107897.png",91.1419741311693,91.3328301383751,"On Fire (last 5)","Last 5 avg (91.1) is 11.5 above season avg (62.8). Boosted by PLAY, REB"
"Jaylon Tyson",NA,NA,NA,91.0271852024747,85.9210019290345,"On Fire (last 5)","Last 5 avg (91) is 12.2 above season avg (59.1). Boosted by PLAY, IMPACT"
"Patrick Williams","F","CHI","https://a.espncdn.com/i/headshots/nba/players/full/4431687.png",90.0224913189595,75.2016725004029,"On Fire (last 5)","Last 5 avg (90) is 9.6 above season avg (60.4). Boosted by IMPACT, PLAY"
"Kris Murray","F","POR","https://a.espncdn.com/i/headshots/nba/players/full/4594326.png",89.8660155915059,45.3243088637131,"On Fire (last 5)","Last 5 avg (89.9) is 10.6 above season avg (59.3). Boosted by IMPACT, REB"
"Jalen Wilson","F","BKN","https://a.espncdn.com/i/headshots/nba/players/full/4431714.png",89.4964595708994,86.2933570394608,"On Fire (last 5)","Last 5 avg (89.5) is 10.7 above season avg (57.4). Boosted by PLAY, SCORING"
"Deni Avdija","F","POR","https://a.espncdn.com/i/headshots/nba/players/full/4683021.png",89.2174453981513,93.0226588844348,"On Fire (last 10)","Last 10 avg (93) is 9.4 above season avg (67.8). Boosted by REB, DISC"
"Yves Missi","C","NO","https://a.espncdn.com/i/headshots/nba/players/full/5061589.png",89.0727248814184,82.7745274931828,"— Steady","Recent form (89.1) is close to season avg (62.9)"
"Cole Swider",NA,NA,NA,89.0008629606591,NA,"— Steady","Recent form (89) is close to season avg (57.7)"
"Mouhamed Gueye","F","ATL","https://a.espncdn.com/i/headshots/nba/players/full/4712863.png",88.9387423552638,90.882352896584,"On Fire (last 5)","Last 5 avg (88.9) is 11.3 above season avg (67.8). Boosted by REB, DISC"
"Malaki Branham",NA,NA,NA,88.4048625395909,94.0475373861241,"On Fire (last 5)","Last 5 avg (88.4) is 8.9 above season avg (57). Boosted by SCORING, IMPACT"
"Rayan Rupert",NA,NA,NA,87.9146821509982,79.8684138526389,"On Fire (last 5)","Last 5 avg (87.9) is 10.3 above season avg (52.6). Boosted by SCORING, REB"
"Nikola Vučević",NA,NA,NA,87.7944383566083,82.1140197725579,"— Steady","Recent form (87.8) is close to season avg (73.2)"
"Jared Rhoden",NA,NA,NA,87.7335756680238,88.1401222114063,"On Fire (last 5)","Last 5 avg (87.7) is 13.2 above season avg (64.3). Boosted by IMPACT, SCORING"
"Julian Phillips","F","CHI","https://a.espncdn.com/i/headshots/nba/players/full/5105553.png",87.4177102991995,75.3291177365844,"— Steady","Recent form (87.4) is close to season avg (58.3)"
"Tre Jones","G","CHI","https://a.espncdn.com/i/headshots/nba/players/full/4395626.png",87.3864360293729,87.6280387210307,"On Fire (last 5)","Last 5 avg (87.4) is 10.6 above season avg (68.7). Boosted by IMPACT, SCORING"
"Seth Curry",NA,NA,NA,87.0141078996078,78.6426694282974,"— Steady","Recent form (87) is close to season avg (55.9)"
"Jaylen Wells","F","MEM","https://a.espncdn.com/i/headshots/nba/players/full/5112087.png",86.3198515884021,76.5216840210681,"— Steady","Recent form (86.3) is close to season avg (61.7)"
"Immanuel Quickley","G","TOR","https://a.espncdn.com/i/headshots/nba/players/full/4395724.png",85.7791066203164,91.2235601103024,"On Fire (last 10)","Last 10 avg (91.2) is 7.3 above season avg (69.4). Boosted by IMPACT, DISC"
"Moses Brown",NA,NA,NA,85.2856711181136,69.7588736455875,"— Steady","Recent form (85.3) is close to season avg (61.7)"
"Malcolm Brogdon",NA,NA,NA,85.2483247845028,85.3047586523058,"— Steady","Recent form (85.2) is close to season avg (63.8)"
"Vít Krejčí",NA,NA,NA,85.0449646732781,81.9629057310328,"— Steady","Recent form (85) is close to season avg (63.1)"
"Tyrese Martin","G","BKN","https://a.espncdn.com/i/headshots/nba/players/full/4397179.png",84.892924440223,71.4379278270309,"— Steady","Recent form (84.9) is close to season avg (59.6)"
"Mason Plumlee","C","PHX","https://a.espncdn.com/i/headshots/nba/players/full/2488653.png",84.8622571447504,61.1959437953638,"— Steady","Recent form (84.9) is close to season avg (67.5)"
"Ryan Dunn","F","PHX","https://a.espncdn.com/i/headshots/nba/players/full/4888725.png",84.8586232063492,57.9893575663271,"On Fire (last 5)","Last 5 avg (84.9) is 9 above season avg (59.9). Boosted by REB, IMPACT"
"Vince Williams Jr.",NA,NA,NA,84.3229923778915,83.9022343265267,"— Steady","Recent form (84.3) is close to season avg (62.6)"
"Collin Gillespie",NA,NA,NA,84.2827913997834,73.8351808947105,"— Steady","Recent form (84.3) is close to season avg (65.2)"
"Josh Giddey","G","CHI","https://a.espncdn.com/i/headshots/nba/players/full/4871145.png",84.227126228494,85.9291822605403,"On Fire (last 10)","Last 10 avg (85.9) is 8.5 above season avg (75.1). Boosted by IMPACT, PLAY"
"Keegan Murray","F","SAC","https://a.espncdn.com/i/headshots/nba/players/full/4594327.png",83.6679868716,76.4474523894889,"— Steady","Recent form (83.7) is close to season avg (64.6)"
"Jaden Ivey","G","DET","https://a.espncdn.com/i/headshots/nba/players/full/4433218.png",83.5548448464897,45.5693801732193,"— Steady","Recent form (83.6) is close to season avg (64.2)"
"Harrison Barnes","F","SA","https://a.espncdn.com/i/headshots/nba/players/full/6578.png",83.2498931585566,77.1456103821274,"— Steady","Recent form (83.2) is close to season avg (63.4)"
"Cam Thomas","G","BKN","https://a.espncdn.com/i/headshots/nba/players/full/4432174.png",83.202557242439,87.7664283993217,"— Steady","Recent form (83.2) is close to season avg (62.7)"
"Kyshawn George","F","WSH","https://a.espncdn.com/i/headshots/nba/players/full/5174563.png",83.0815673719966,83.0880700158203,"— Steady","Recent form (83.1) is close to season avg (59.5)"
"Bilal Coulibaly","G","WSH","https://a.espncdn.com/i/headshots/nba/players/full/5104155.png",82.9413575634181,80.4216815011162,"— Steady","Recent form (82.9) is close to season avg (59.3)"
"Colin Castleton",NA,NA,NA,82.9245522426244,74.795758532201,"— Steady","Recent form (82.9) is close to season avg (58.4)"
"Quenton Jackson",NA,NA,NA,82.7430883539877,87.7236646344169,"— Steady","Recent form (82.7) is close to season avg (59.8)"
"Tristan Thompson",NA,NA,NA,82.3932088126516,80.5277045719905,"— Steady","Recent form (82.4) is close to season avg (59.8)"
"Bennedict Mathurin","G","IND","https://a.espncdn.com/i/headshots/nba/players/full/4683634.png",82.1665695702775,66.0148181175735,"— Steady","Recent form (82.2) is close to season avg (61.6)"
"Coby White","G","CHI","https://a.espncdn.com/i/headshots/nba/players/full/4395651.png",81.2439111589273,84.3561205267114,"— Steady","Recent form (81.2) is close to season avg (65.3)"
"Marcus Bagley",NA,NA,NA,80.9422078743817,NA,"— Steady","Recent form (80.9) is close to season avg (60.7)"
"Trendon Watford","F","BKN","https://a.espncdn.com/i/headshots/nba/players/full/4431675.png",80.8388947426939,60.192624442925,"— Steady","Recent form (80.8) is close to season avg (61.9)"
"Donovan Clingan","C","POR","https://a.espncdn.com/i/headshots/nba/players/full/5105565.png",80.6772573817383,86.0968474382457,"— Steady","Recent form (80.7) is close to season avg (70.5)"
"Jamal Shead","G","TOR","https://a.espncdn.com/i/headshots/nba/players/full/4432241.png",80.4886429314248,87.645672157317,"On Fire (last 10)","Last 10 avg (87.6) is 10 above season avg (61.6). Boosted by PLAY, REB"
"Nick Smith Jr.","G","CHA","https://a.espncdn.com/i/headshots/nba/players/full/4683686.png",80.2383522809517,63.4968655891712,"— Steady","Recent form (80.2) is close to season avg (54.9)"
"CJ McCollum","G","NO","https://a.espncdn.com/i/headshots/nba/players/full/2490149.png",80.0435974603445,53.5531030666039,"— Steady","Recent form (80) is close to season avg (63.4)"
"Nic Claxton","C","BKN","https://a.espncdn.com/i/headshots/nba/players/full/4278067.png",79.9593506915033,70.4972643072779,"— Steady","Recent form (80) is close to season avg (65.6)"
"Keon Johnson",NA,NA,NA,79.7366882479562,69.5572161571093,"— Steady","Recent form (79.7) is close to season avg (58.6)"
"RJ Barrett","F","TOR","https://a.espncdn.com/i/headshots/nba/players/full/4395625.png",79.4238392782853,76.6609350422905,"— Steady","Recent form (79.4) is close to season avg (69)"
"Ochai Agbaji","G","TOR","https://a.espncdn.com/i/headshots/nba/players/full/4397018.png",78.9411198531072,77.2269943084598,"— Steady","Recent form (78.9) is close to season avg (62)"
"Svi Mykhailiuk","G","UTAH","https://a.espncdn.com/i/headshots/nba/players/full/3133602.png",78.9117121058308,53.2214276447091,"— Steady","Recent form (78.9) is close to season avg (58.5)"
"Brandon Williams",NA,NA,NA,78.6255414390752,81.0891669817395,"On Fire (last 10)","Last 10 avg (81.1) is 9.2 above season avg (62.3). Boosted by REB, DEF"
"Tristan da Silva","F","ORL","https://a.espncdn.com/i/headshots/nba/players/full/4702382.png",78.1359051613427,61.5577461699624,"— Steady","Recent form (78.1) is close to season avg (59.5)"
"Guerschon Yabusele","F","PHI","https://a.espncdn.com/i/headshots/nba/players/full/4017844.png",77.8982646141298,79.5430380681322,"— Steady","Recent form (77.9) is close to season avg (64.1)"
"Pascal Siakam","F","IND","https://a.espncdn.com/i/headshots/nba/players/full/3149673.png",77.74287651518,74.9797473180774,"— Steady","Recent form (77.7) is close to season avg (72.4)"
"Brice Sensabaugh","F","UTAH","https://a.espncdn.com/i/headshots/nba/players/full/5105839.png",77.7231806433763,79.0274490041328,"— Steady","Recent form (77.7) is close to season avg (58.8)"
"Jared Butler",NA,NA,NA,77.5296876766251,81.995333410288,"— Steady","Recent form (77.5) is close to season avg (65.1)"
"Trae Young","G","ATL","https://a.espncdn.com/i/headshots/nba/players/full/4277905.png",77.4334707595218,76.4267254477447,"— Steady","Recent form (77.4) is close to season avg (75.5)"
"Alec Burks",NA,NA,NA,77.3389930393001,78.5382026928179,"— Steady","Recent form (77.3) is close to season avg (60.6)"
"Kevin Huerter","G","CHI","https://a.espncdn.com/i/headshots/nba/players/full/4066372.png",77.1969446606392,82.0824874689764,"— Steady","Recent form (77.2) is close to season avg (63.1)"
"Jayson Tatum","F","BOS","https://a.espncdn.com/i/headshots/nba/players/full/4065648.png",77.191789948867,80.1829575206857,"— Steady","Recent form (77.2) is close to season avg (77.4)"
"Jeff Dowtin Jr.",NA,NA,NA,77.0365109341662,83.5157515187579,"On Fire (last 10)","Last 10 avg (83.5) is 7.3 above season avg (60.5). Boosted by DISC, PLAY"
"Robert Williams III",NA,NA,NA,76.7268963217897,75.8106313000074,"— Steady","Recent form (76.7) is close to season avg (70)"
"Devin Carter",NA,NA,NA,76.4597353852269,66.1655009624287,"— Steady","Recent form (76.5) is close to season avg (60.9)"
"Keon Ellis","G","SAC","https://a.espncdn.com/i/headshots/nba/players/full/4702177.png",76.4421507353403,73.3537165115422,"— Steady","Recent form (76.4) is close to season avg (64.5)"
"Jaylen Sims",NA,NA,NA,76.2135469035393,NA,"— Steady","Recent form (76.2) is close to season avg (53.4)"
"Reece Beekman",NA,NA,NA,76.0808898789778,68.855819829851,"— Steady","Recent form (76.1) is close to season avg (57.5)"
"Justin Champagnie","F","WSH","https://a.espncdn.com/i/headshots/nba/players/full/4432907.png",75.6393910181807,83.1367547499927,"— Steady","Recent form (75.6) is close to season avg (63.7)"
"Bub Carrington","G","WSH","https://a.espncdn.com/i/headshots/nba/players/full/4845374.png",75.1615493905123,85.2380156947225,"— Steady","Recent form (75.2) is close to season avg (58.6)"
"Toumani Camara","F","POR","https://a.espncdn.com/i/headshots/nba/players/full/4431736.png",75.1526184035948,76.1943175677842,"— Steady","Recent form (75.2) is close to season avg (64.5)"
"Jock Landale",NA,NA,NA,75.0809743625733,87.1575246680281,"— Steady","Recent form (75.1) is close to season avg (62.5)"
"Zaccharie Risacher","F","ATL","https://a.espncdn.com/i/headshots/nba/players/full/5211175.png",74.8248957583053,57.3388521570687,"— Steady","Recent form (74.8) is close to season avg (60.3)"
"Ziaire Williams","F","BKN","https://a.espncdn.com/i/headshots/nba/players/full/4433137.png",74.7567490718814,51.0766240673859,"— Steady","Recent form (74.8) is close to season avg (59.2)"
"Josh Green","G","CHA","https://a.espncdn.com/i/headshots/nba/players/full/4432811.png",73.9446677929157,64.6117677938816,"— Steady","Recent form (73.9) is close to season avg (55.8)"
"Paul George","F","PHI","https://a.espncdn.com/i/headshots/nba/players/full/4251.png",73.8877984969973,52.525803063876,"— Steady","Recent form (73.9) is close to season avg (67.4)"
"Jerami Grant","F","POR","https://a.espncdn.com/i/headshots/nba/players/full/2991070.png",73.7712564368823,61.4638336153886,"— Steady","Recent form (73.8) is close to season avg (58.8)"
"Bruce Brown","G","NO","https://a.espncdn.com/i/headshots/nba/players/full/4065670.png",73.7096042380156,70.0592550291208,"— Steady","Recent form (73.7) is close to season avg (58.9)"
"Stephon Castle","G","SA","https://a.espncdn.com/i/headshots/nba/players/full/4845367.png",73.6839815404281,75.7648813244303,"— Steady","Recent form (73.7) is close to season avg (63.7)"
"Moussa Diabaté",NA,NA,NA,73.4696550144321,74.0718632820531,"— Steady","Recent form (73.5) is close to season avg (65.3)"
"Oscar Tshiebwe",NA,NA,NA,73.2959450996153,86.4843834827688,"— Steady","Recent form (73.3) is close to season avg (68.3)"
"Clint Capela","C","ATL","https://a.espncdn.com/i/headshots/nba/players/full/3102529.png",73.2604264894937,54.9579015354859,"— Steady","Recent form (73.3) is close to season avg (69.6)"
"Elfrid Payton",NA,NA,NA,73.1093106200182,89.1935556546344,"— Steady","Recent form (73.1) is close to season avg (63.9)"
"Alex Sarr","C","WSH","https://a.espncdn.com/i/headshots/nba/players/full/5160992.png",72.664352315943,55.0003610927906,"— Steady","Recent form (72.7) is close to season avg (63.2)"
"Cameron Johnson","F","BKN","https://a.espncdn.com/i/headshots/nba/players/full/3138196.png",72.6281071728604,88.6543164019283,"— Steady","Recent form (72.6) is close to season avg (66.2)"
"Caris LeVert","G","ATL","https://a.espncdn.com/i/headshots/nba/players/full/2991043.png",72.4928234435966,61.9863963762318,"— Steady","Recent form (72.5) is close to season avg (69)"
"Larry Nance Jr.",NA,NA,NA,72.33650817236,44.696879085102,"— Steady","Recent form (72.3) is close to season avg (64.4)"
"Marcus Sasser","G","DET","https://a.espncdn.com/i/headshots/nba/players/full/4432107.png",72.1988321770148,82.52307699887,"— Steady","Recent form (72.2) is close to season avg (63.8)"
"Corey Kispert","F","WSH","https://a.espncdn.com/i/headshots/nba/players/full/4280151.png",72.1230741958545,69.4380712590988,"— Steady","Recent form (72.1) is close to season avg (58.1)"
"Nicolas Batum","F","LAC","https://a.espncdn.com/i/headshots/nba/players/full/3416.png",72.1203210828979,75.3371716282121,"— Steady","Recent form (72.1) is close to season avg (61)"
"Karlo Matković",NA,NA,NA,71.958130888505,85.84675733071,"— Steady","Recent form (72) is close to season avg (66.1)"
"Jabari Walker","F","POR","https://a.espncdn.com/i/headshots/nba/players/full/4432446.png",71.9073306949821,64.4554384692852,"— Steady","Recent form (71.9) is close to season avg (61.5)"
"Jamal Cain","F","NO","https://a.espncdn.com/i/headshots/nba/players/full/4278572.png",71.7209067128475,51.259339465275,"— Steady","Recent form (71.7) is close to season avg (57.3)"
"Terance Mann","G","ATL","https://a.espncdn.com/i/headshots/nba/players/full/3907823.png",71.5716944307536,87.6590994243881,"On Fire (last 10)","Last 10 avg (87.7) is 6.9 above season avg (61.8). Boosted by PLAY, DISC"
"Day'Ron Sharpe","C","BKN","https://a.espncdn.com/i/headshots/nba/players/full/4432194.png",71.5265722790943,75.8232893929709,"— Steady","Recent form (71.5) is close to season avg (71.9)"
"Antonio Reeves","G","NO","https://a.espncdn.com/i/headshots/nba/players/full/4592686.png",71.2163125097566,57.5264478296917,"— Steady","Recent form (71.2) is close to season avg (56.4)"
"Dyson Daniels","G","ATL","https://a.espncdn.com/i/headshots/nba/players/full/4869342.png",71.133124585538,75.6682100491215,"— Steady","Recent form (71.1) is close to season avg (73.5)"
"Trey Lyles",NA,NA,NA,70.8531280539094,54.9624985816587,"— Steady","Recent form (70.9) is close to season avg (63)"
"Blake Wesley","G","SA","https://a.espncdn.com/i/headshots/nba/players/full/4683935.png",70.780557746941,54.3886102119182,"— Steady","Recent form (70.8) is close to season avg (61.1)"
"Isaiah Collier","G","UTAH","https://a.espncdn.com/i/headshots/nba/players/full/4683766.png",70.6285905172501,65.4302937964293,"— Steady","Recent form (70.6) is close to season avg (63.3)"
"Terry Rozier","G","MIA","https://a.espncdn.com/i/headshots/nba/players/full/3074752.png",70.5971891274175,63.3821190040824,"— Steady","Recent form (70.6) is close to season avg (60.7)"
"Dejounte Murray","G","NO","https://a.espncdn.com/i/headshots/nba/players/full/3907497.png",70.5598188104832,75.7925110368371,"— Steady","Recent form (70.6) is close to season avg (70.1)"
"Jakob Poeltl","C","TOR","https://a.espncdn.com/i/headshots/nba/players/full/3134908.png",70.4949836275408,88.8089350102452,"On Fire (last 10)","Last 10 avg (88.8) is 7.3 above season avg (71.1). Boosted by DEF, REB"
"Gary Trent Jr.","G","MIL","https://a.espncdn.com/i/headshots/nba/players/full/4277843.png",70.2857063667222,78.3073382083266,"— Steady","Recent form (70.3) is close to season avg (60.1)"
"Brandon Miller","F","CHA","https://a.espncdn.com/i/headshots/nba/players/full/4433287.png",70.1133956650374,51.8769302518205,"— Steady","Recent form (70.1) is close to season avg (62.7)"
"Jamison Battle","F","TOR","https://a.espncdn.com/i/headshots/nba/players/full/4431893.png",70.1012604564478,91.1135107805806,"— Steady","Recent form (70.1) is close to season avg (56)"
"Aaron Gordon","F","DEN","https://a.espncdn.com/i/headshots/nba/players/full/3064290.png",69.9954397191715,63.2113248499877,"— Steady","Recent form (70) is close to season avg (69.5)"
"Jared McCain","G","PHI","https://a.espncdn.com/i/headshots/nba/players/full/4683778.png",69.3149605955596,43.1483150470934,"— Steady","Recent form (69.3) is close to season avg (62.4)"
"Garrett Temple",NA,NA,NA,68.9438405002596,75.620428089721,"— Steady","Recent form (68.9) is close to season avg (58)"
"A.J. Lawson",NA,NA,NA,68.8234620819784,86.248232540357,"— Steady","Recent form (68.8) is close to season avg (61.3)"
"OG Anunoby","F","NY","https://a.espncdn.com/i/headshots/nba/players/full/3934719.png",68.4300802564957,51.6255762006156,"— Steady","Recent form (68.4) is close to season avg (66.7)"
"Domantas Sabonis","F","SAC","https://a.espncdn.com/i/headshots/nba/players/full/3155942.png",68.3655143797738,61.5065709288717,"— Steady","Recent form (68.4) is close to season avg (78.2)"
"Eric Gordon","G","PHI","https://a.espncdn.com/i/headshots/nba/players/full/3431.png",68.3321242832907,86.5329768902206,"On Fire (last 10)","Last 10 avg (86.5) is 6.2 above season avg (58.7). Boosted by DISC, PLAY"
"Talen Horton-Tucker",NA,NA,NA,68.2256068594264,72.7118097061406,"— Steady","Recent form (68.2) is close to season avg (58.2)"
"T.J. McConnell","G","IND","https://a.espncdn.com/i/headshots/nba/players/full/2530530.png",68.1131144105312,66.7962052319473,"— Steady","Recent form (68.1) is close to season avg (70.6)"
"Duop Reath",NA,NA,NA,67.9936413309919,75.7699929912107,"— Steady","Recent form (68) is close to season avg (58.4)"
"Kai Jones",NA,NA,NA,67.9913648744019,87.7140178107261,"On Fire (last 10)","Last 10 avg (87.7) is 8.3 above season avg (63.9). Boosted by SCORING, PLAY"
"Lonnie Walker IV",NA,NA,NA,67.6824794712808,75.7054558901886,"— Steady","Recent form (67.7) is close to season avg (58.5)"
"Quentin Grimes","G","PHI","https://a.espncdn.com/i/headshots/nba/players/full/4397014.png",67.4661994939894,63.368675908445,"— Steady","Recent form (67.5) is close to season avg (62.7)"
"Kyle Filipowski","F","UTAH","https://a.espncdn.com/i/headshots/nba/players/full/4684793.png",67.1505326306631,52.7976386275515,"— Steady","Recent form (67.2) is close to season avg (63.2)"
"Adem Bona","C","PHI","https://a.espncdn.com/i/headshots/nba/players/full/5105637.png",66.7794950184553,75.1382106157617,"— Steady","Recent form (66.8) is close to season avg (62.6)"
"Chris Boucher","F","TOR","https://a.espncdn.com/i/headshots/nba/players/full/3948153.png",66.4135935534625,51.9835034006221,"— Steady","Recent form (66.4) is close to season avg (65.4)"
"Delon Wright",NA,NA,NA,66.3127042375091,78.6623642366323,"— Steady","Recent form (66.3) is close to season avg (60)"
"Jeremiah Robinson-Earl",NA,NA,NA,66.1283540865314,69.7396219743892,"— Steady","Recent form (66.1) is close to season avg (61.8)"
"Micah Potter",NA,NA,NA,65.9531996936174,59.3775848672009,"— Steady","Recent form (66) is close to season avg (58)"
"Tosan Evbuomwan","F","BKN","https://a.espncdn.com/i/headshots/nba/players/full/4597865.png",65.5713599431449,61.422688688491,"— Steady","Recent form (65.6) is close to season avg (61.1)"
"Lindy Waters III","F","DET","https://a.espncdn.com/i/headshots/nba/players/full/4066317.png",65.5639152165018,90.960798262934,"— Steady","Recent form (65.6) is close to season avg (58.2)"
"Dennis Schröder",NA,NA,NA,65.4137403119123,55.2709285256034,"— Steady","Recent form (65.4) is close to season avg (65.4)"
"Luke Kennard","G","MEM","https://a.espncdn.com/i/headshots/nba/players/full/3913174.png",65.1080789253252,43.9891239285046,"— Steady","Recent form (65.1) is close to season avg (65.4)"
"Zach LaVine","G","SAC","https://a.espncdn.com/i/headshots/nba/players/full/3064440.png",65.071100176536,51.076218661249,"— Steady","Recent form (65.1) is close to season avg (66.2)"
"Jaylen Nowell",NA,NA,NA,65.068759007386,NA,"— Steady","Recent form (65.1) is close to season avg (55.9)"
"Cory Joseph",NA,NA,NA,65.0108486131769,77.9048455338593,"— Steady","Recent form (65) is close to season avg (60.8)"
"Jordan Hawkins","G","NO","https://a.espncdn.com/i/headshots/nba/players/full/4683750.png",64.9991587180183,53.2256501182242,"— Steady","Recent form (65) is close to season avg (55.7)"
"Jett Howard","G","ORL","https://a.espncdn.com/i/headshots/nba/players/full/5105806.png",64.6778708606954,54.0836493118697,"— Steady","Recent form (64.7) is close to season avg (53.1)"
"Davion Mitchell","G","MIA","https://a.espncdn.com/i/headshots/nba/players/full/4278053.png",64.5305125313673,78.7051413023746,"— Steady","Recent form (64.5) is close to season avg (64.8)"
"Alperen Sengun","C","HOU","https://a.espncdn.com/i/headshots/nba/players/full/4871144.png",64.483532131329,59.3760050623169,"— Steady","Recent form (64.5) is close to season avg (76.6)"
"Derrick Jones Jr.","F","LAC","https://a.espncdn.com/i/headshots/nba/players/full/3936099.png",64.3945055730926,46.2866872099923,"— Steady","Recent form (64.4) is close to season avg (64.4)"
"Brandon Clarke","F","MEM","https://a.espncdn.com/i/headshots/nba/players/full/3906665.png",64.2971820596045,71.1289748702701,"— Steady","Recent form (64.3) is close to season avg (67.3)"
"Jaylen Martin",NA,NA,NA,63.8829751380156,70.7783283835959,"— Steady","Recent form (63.9) is close to season avg (53)"
"Marcus Smart","G","WSH","https://a.espncdn.com/i/headshots/nba/players/full/2990992.png",63.6615209042977,65.3990266214404,"— Steady","Recent form (63.7) is close to season avg (66.2)"
"John Konchar","G","MEM","https://a.espncdn.com/i/headshots/nba/players/full/3134932.png",63.6133335489878,81.8736879843411,"— Steady","Recent form (63.6) is close to season avg (61.9)"
"Keldon Johnson","F","SA","https://a.espncdn.com/i/headshots/nba/players/full/4395723.png",63.4836712231416,65.3138199107821,"— Steady","Recent form (63.5) is close to season avg (63.3)"
"Jordan Poole","G","WSH","https://a.espncdn.com/i/headshots/nba/players/full/4277956.png",63.4241978343625,61.2159805696621,"— Steady","Recent form (63.4) is close to season avg (61.4)"
"Anthony Gill",NA,NA,NA,63.2879516967142,74.7503725512454,"— Steady","Recent form (63.3) is close to season avg (55.4)"
"Jevon Carter",NA,NA,NA,63.18171077627,72.2432786566521,"— Steady","Recent form (63.2) is close to season avg (61)"
"Cade Cunningham","G","DET","https://a.espncdn.com/i/headshots/nba/players/full/4432166.png",63.1703504108775,57.0213055517763,"— Steady","Recent form (63.2) is close to season avg (76.5)"
"Spencer Jones",NA,NA,NA,63.0775710045798,77.5292006649564,"— Steady","Recent form (63.1) is close to season avg (54.1)"
"Oso Ighodaro","F","PHX","https://a.espncdn.com/i/headshots/nba/players/full/4601023.png",62.6613558301488,48.3371508032185,"— Steady","Recent form (62.7) is close to season avg (61.4)"
"Noah Clowney","F","BKN","https://a.espncdn.com/i/headshots/nba/players/full/4712896.png",62.4309712291077,74.257566091724,"— Steady","Recent form (62.4) is close to season avg (55.4)"
"Zach Collins","F","CHI","https://a.espncdn.com/i/headshots/nba/players/full/4066650.png",62.4305069603056,69.5207116560071,"— Steady","Recent form (62.4) is close to season avg (65.5)"
"De'Aaron Fox","G","SA","https://a.espncdn.com/i/headshots/nba/players/full/4066259.png",62.250832008815,36.6174929022401,"— Steady","Recent form (62.3) is close to season avg (70.7)"
"LaMelo Ball","G","CHA","https://a.espncdn.com/i/headshots/nba/players/full/4432816.png",62.2278441233794,57.6408693444522,"— Steady","Recent form (62.2) is close to season avg (70.1)"
"Alex Reese",NA,NA,NA,61.9268179990218,50.0989058264653,"— Steady","Recent form (61.9) is close to season avg (66.5)"
"Orlando Robinson","C","TOR","https://a.espncdn.com/i/headshots/nba/players/full/4593049.png",61.8200006154204,75.7750263557345,"— Steady","Recent form (61.8) is close to season avg (62.8)"
"Dalano Banton",NA,NA,NA,61.6748742836678,56.6468685661598,"— Steady","Recent form (61.7) is close to season avg (63)"
"Jaden Springer",NA,NA,NA,61.4972691877639,63.0549494793505,"— Steady","Recent form (61.5) is close to season avg (58)"
"Markieff Morris",NA,NA,NA,61.3650612047963,60.5663766678734,"— Steady","Recent form (61.4) is close to season avg (56.7)"
"Olivier-Maxence Prosper","F","DAL","https://a.espncdn.com/i/headshots/nba/players/full/4595400.png",61.1610432911463,54.0850666111529,"— Steady","Recent form (61.2) is close to season avg (60.8)"
"Daniel Gafford","F","DAL","https://a.espncdn.com/i/headshots/nba/players/full/4278049.png",61.1075108885568,68.4963102574401,"— Steady","Recent form (61.1) is close to season avg (71.5)"
"Kawhi Leonard","F","LAC","https://a.espncdn.com/i/headshots/nba/players/full/6450.png",60.7348687817429,67.3722632868733,"— Steady","Recent form (60.7) is close to season avg (74.1)"
"Bradley Beal","G","PHX","https://a.espncdn.com/i/headshots/nba/players/full/6580.png",60.5485341901587,57.6393209512381,"— Steady","Recent form (60.5) is close to season avg (63.3)"
"Bogdan Bogdanović",NA,NA,NA,60.5145460887533,45.0638307567371,"Cold (last 10)","Last 10 avg (45.1) is 6.8 below season avg (62.7). Dragged down by SCORING, REB"
"Steven Adams","C","HOU","https://a.espncdn.com/i/headshots/nba/players/full/2991235.png",60.3462873309028,56.8509494849469,"— Steady","Recent form (60.3) is close to season avg (70.6)"
"Danté Exum",NA,NA,NA,60.1119430509827,48.1497431957254,"— Steady","Recent form (60.1) is close to season avg (60.6)"
"DeMar DeRozan","G","SAC","https://a.espncdn.com/i/headshots/nba/players/full/3978.png",59.9149844199051,75.0833826237912,"— Steady","Recent form (59.9) is close to season avg (68.8)"
"Colby Jones","G","WSH","https://a.espncdn.com/i/headshots/nba/players/full/4433378.png",59.8610592606116,50.728188658721,"— Steady","Recent form (59.9) is close to season avg (59.5)"
"John Collins","F","UTAH","https://a.espncdn.com/i/headshots/nba/players/full/3908845.png",59.771737501192,44.3985520101189,"— Steady","Recent form (59.8) is close to season avg (68.4)"
"Devin Vassell","G","SA","https://a.espncdn.com/i/headshots/nba/players/full/4395630.png",59.4229003176439,65.0357860487002,"— Steady","Recent form (59.4) is close to season avg (63.5)"
"Tristan Vukcevic","F","WSH","https://a.espncdn.com/i/headshots/nba/players/full/4997537.png",59.3850949609435,41.2606854777726,"— Steady","Recent form (59.4) is close to season avg (62.9)"
"Pelle Larsson","G","MIA","https://a.espncdn.com/i/headshots/nba/players/full/4601025.png",59.3156128696021,85.2373423880076,"— Steady","Recent form (59.3) is close to season avg (56.9)"
"AJ Green","G","MIL","https://a.espncdn.com/i/headshots/nba/players/full/4397475.png",59.0833029603315,83.512562983704,"— Steady","Recent form (59.1) is close to season avg (58.5)"
"Max Christie","G","DAL","https://a.espncdn.com/i/headshots/nba/players/full/4432582.png",58.9658873282636,51.1431512166915,"— Steady","Recent form (59) is close to season avg (61.2)"
"Drew Timme",NA,NA,NA,58.6889932732053,NA,"— Steady","Recent form (58.7) is close to season avg (60.1)"
"Matisse Thybulle",NA,NA,NA,58.6044637169067,56.4679869793107,"— Steady","Recent form (58.6) is close to season avg (73.5)"
"Jaden McDaniels","F","MIN","https://a.espncdn.com/i/headshots/nba/players/full/4431671.png",58.3147739607753,63.8408386179386,"— Steady","Recent form (58.3) is close to season avg (66.8)"
"Fred VanVleet","G","HOU","https://a.espncdn.com/i/headshots/nba/players/full/2991230.png",58.2144385055557,48.2934809017994,"— Steady","Recent form (58.2) is close to season avg (69)"
"Scottie Barnes","F","TOR","https://a.espncdn.com/i/headshots/nba/players/full/4433134.png",58.0871559915427,70.204915705301,"— Steady","Recent form (58.1) is close to season avg (73.1)"
"Grayson Allen","G","PHX","https://a.espncdn.com/i/headshots/nba/players/full/3135045.png",57.9877187793525,43.4669383563617,"— Steady","Recent form (58) is close to season avg (62.4)"
"Sandro Mamukelashvili","F","SA","https://a.espncdn.com/i/headshots/nba/players/full/4278580.png",57.9859842779941,46.4110732214058,"— Steady","Recent form (58) is close to season avg (64.7)"
"Luguentz Dort","G","OKC","https://a.espncdn.com/i/headshots/nba/players/full/4397020.png",57.7327593233328,44.0829085809761,"— Steady","Recent form (57.7) is close to season avg (64.5)"
"Jake LaRavia","F","SAC","https://a.espncdn.com/i/headshots/nba/players/full/4592691.png",57.7165006104409,52.7222407072867,"— Steady","Recent form (57.7) is close to season avg (66.2)"
"Mitchell Robinson",NA,NA,NA,57.6692826628825,60.312637181822,"— Steady","Recent form (57.7) is close to season avg (69.3)"
"Herbert Jones","F","NO","https://a.espncdn.com/i/headshots/nba/players/full/4277813.png",57.5020387409708,81.1670482859286,"— Steady","Recent form (57.5) is close to season avg (63.3)"
"Damion Baugh",NA,NA,NA,57.0971528785219,83.7020028479345,"— Steady","Recent form (57.1) is close to season avg (56)"
"Wendell Moore Jr.",NA,NA,NA,56.337508067339,63.8726926946964,"— Steady","Recent form (56.3) is close to season avg (58)"
"Dalen Terry","F","CHI","https://a.espncdn.com/i/headshots/nba/players/full/4433159.png",56.2164269067933,72.5812178116299,"— Steady","Recent form (56.2) is close to season avg (58.1)"
"Sam Merrill","G","CLE","https://a.espncdn.com/i/headshots/nba/players/full/4066757.png",56.187932860066,72.0469856158083,"— Steady","Recent form (56.2) is close to season avg (61.2)"
"Devin Booker","G","PHX","https://a.espncdn.com/i/headshots/nba/players/full/3136193.png",56.0897513471929,37.7482985880022,"Cold (last 10)","Last 10 avg (37.7) is 7.4 below season avg (69.3). Dragged down by IMPACT, SCORING"
"Ausar Thompson","G","DET","https://a.espncdn.com/i/headshots/nba/players/full/4684742.png",56.0608825797706,53.4433401288403,"— Steady","Recent form (56.1) is close to season avg (68.2)"
"Jordan Clarkson","G","UTAH","https://a.espncdn.com/i/headshots/nba/players/full/2528426.png",55.9559924720152,38.7426562626535,"— Steady","Recent form (56) is close to season avg (61.8)"
"Kyle Lowry","G","PHI","https://a.espncdn.com/i/headshots/nba/players/full/3012.png",55.8985028085427,74.8946990426274,"— Steady","Recent form (55.9) is close to season avg (59)"
"Deandre Ayton","C","POR","https://a.espncdn.com/i/headshots/nba/players/full/4278129.png",55.8098271856739,88.1450377537015,"— Steady","Recent form (55.8) is close to season avg (66.1)"
"LeBron James","F","LAL","https://a.espncdn.com/i/headshots/nba/players/full/1966.png",55.7559514896763,54.6744491937433,"— Steady","Recent form (55.8) is close to season avg (76.6)"
"Kessler Edwards",NA,NA,NA,55.6901403486985,71.8448654829754,"— Steady","Recent form (55.7) is close to season avg (55.7)"
"Haywood Highsmith","F","MIA","https://a.espncdn.com/i/headshots/nba/players/full/4291678.png",55.6484426419802,60.018183885617,"— Steady","Recent form (55.6) is close to season avg (60.8)"
"Dariq Whitehead",NA,NA,NA,55.3494375603516,51.9326341391987,"— Steady","Recent form (55.3) is close to season avg (52.5)"
"Nickeil Alexander-Walker","G","MIN","https://a.espncdn.com/i/headshots/nba/players/full/4278039.png",55.2697696321149,45.5177971368689,"— Steady","Recent form (55.3) is close to season avg (63.8)"
"Keion Brooks Jr.",NA,NA,NA,55.1095889008944,62.0156065691838,"— Steady","Recent form (55.1) is close to season avg (57.1)"
"Isaac Okoro","F","CLE","https://a.espncdn.com/i/headshots/nba/players/full/4432822.png",55.0197223861981,52.8213106833237,"— Steady","Recent form (55) is close to season avg (62.7)"
"James Harden","G","LAC","https://a.espncdn.com/i/headshots/nba/players/full/3992.png",54.8991981636637,67.4590213518324,"— Steady","Recent form (54.9) is close to season avg (75.9)"
"Paolo Banchero","F","ORL","https://a.espncdn.com/i/headshots/nba/players/full/4432573.png",54.8959401787461,62.4353933539354,"— Steady","Recent form (54.9) is close to season avg (68.9)"
"Lonzo Ball","G","CHI","https://a.espncdn.com/i/headshots/nba/players/full/4066421.png",54.8933000776186,43.6693906673057,"— Steady","Recent form (54.9) is close to season avg (69.2)"
"Anfernee Simons","G","POR","https://a.espncdn.com/i/headshots/nba/players/full/4351851.png",54.8156859740072,57.0046121415734,"— Steady","Recent form (54.8) is close to season avg (64.1)"
"Onyeka Okongwu","F","ATL","https://a.espncdn.com/i/headshots/nba/players/full/4431680.png",54.7464550496089,51.4964368806009,"— Steady","Recent form (54.7) is close to season avg (71.8)"
"Buddy Hield","G","GS","https://a.espncdn.com/i/headshots/nba/players/full/2990984.png",54.5809970617329,67.2959101070719,"— Steady","Recent form (54.6) is close to season avg (62.7)"
"Naz Reid","C","MIN","https://a.espncdn.com/i/headshots/nba/players/full/4396971.png",54.5311052486845,49.6242144005392,"— Steady","Recent form (54.5) is close to season avg (68.2)"
"Lester Quinones",NA,NA,NA,54.4377473392215,54.6538525027518,"— Steady","Recent form (54.4) is close to season avg (59.7)"
"Jusuf Nurkić",NA,NA,NA,54.4152680069958,57.490810142849,"— Steady","Recent form (54.4) is close to season avg (67)"
"Donovan Mitchell","G","CLE","https://a.espncdn.com/i/headshots/nba/players/full/3908809.png",54.4063375703408,57.8017840579536,"— Steady","Recent form (54.4) is close to season avg (74.5)"
"Jalen Duren","C","DET","https://a.espncdn.com/i/headshots/nba/players/full/4433621.png",54.3046555163469,56.5353844763917,"— Steady","Recent form (54.3) is close to season avg (72.2)"
"Moritz Wagner","F","ORL","https://a.espncdn.com/i/headshots/nba/players/full/3150844.png",54.3002340262673,62.2534242531427,"— Steady","Recent form (54.3) is close to season avg (67.4)"
"Anthony Black","G","ORL","https://a.espncdn.com/i/headshots/nba/players/full/4712849.png",54.1466727642849,70.6395480543069,"— Steady","Recent form (54.1) is close to season avg (63)"
"Dillon Brooks","F","HOU","https://a.espncdn.com/i/headshots/nba/players/full/3155526.png",54.0645860827124,54.7695293324389,"— Steady","Recent form (54.1) is close to season avg (60.9)"
"Jaden Hardy","G","DAL","https://a.espncdn.com/i/headshots/nba/players/full/4868423.png",53.5280792538116,52.863887699176,"— Steady","Recent form (53.5) is close to season avg (55.3)"
"Kelly Oubre Jr.","G","PHI","https://a.espncdn.com/i/headshots/nba/players/full/3133603.png",52.9984695332892,43.9396259180866,"— Steady","Recent form (53) is close to season avg (61.9)"
"JT Thor",NA,NA,NA,52.796464012251,60.1737731457553,"— Steady","Recent form (52.8) is close to season avg (57.9)"
"Oshae Brissett",NA,NA,NA,52.7864530964607,NA,"— Steady","Recent form (52.8) is close to season avg (54.4)"
"De'Anthony Melton",NA,NA,NA,52.7864530964607,NA,"— Steady","Recent form (52.8) is close to season avg (66.3)"
"Killian Hayes",NA,NA,NA,52.7864530964605,NA,"— Steady","Recent form (52.8) is close to season avg (64.2)"
"Josh Richardson",NA,NA,NA,52.7729467050883,NA,"— Steady","Recent form (52.8) is close to season avg (53.4)"
"Jabari Smith Jr.","F","HOU","https://a.espncdn.com/i/headshots/nba/players/full/4432639.png",52.7423446793556,71.3541622171634,"— Steady","Recent form (52.7) is close to season avg (64.4)"
"Tyus Jones","G","PHX","https://a.espncdn.com/i/headshots/nba/players/full/3135046.png",52.7370805425883,60.0503240534763,"— Steady","Recent form (52.7) is close to season avg (68.1)"
"De'Andre Hunter","F","CLE","https://a.espncdn.com/i/headshots/nba/players/full/4065732.png",52.5863425880238,76.3241002134959,"— Steady","Recent form (52.6) is close to season avg (63.1)"
"Isaiah Stewart","F","DET","https://a.espncdn.com/i/headshots/nba/players/full/4432810.png",52.5274687391132,61.4344914985666,"— Steady","Recent form (52.5) is close to season avg (67.9)"
"Julian Champagnie","F","SA","https://a.espncdn.com/i/headshots/nba/players/full/4592479.png",52.4785588879968,42.7554951995607,"— Steady","Recent form (52.5) is close to season avg (61.7)"
"Grant Williams",NA,NA,NA,52.2033376861054,72.0509067862996,"— Steady","Recent form (52.2) is close to season avg (63.9)"
"Anthony Davis","F","DAL","https://a.espncdn.com/i/headshots/nba/players/full/6583.png",52.1867885088956,44.5733028627436,"— Steady","Recent form (52.2) is close to season avg (76.8)"
"Spencer Dinwiddie",NA,NA,NA,52.0117959469158,68.9242460126784,"— Steady","Recent form (52) is close to season avg (63.2)"
"Daniel Theis",NA,NA,NA,51.9191789767292,66.9735762751174,"— Steady","Recent form (51.9) is close to season avg (62.3)"
"Gary Harris","G","ORL","https://a.espncdn.com/i/headshots/nba/players/full/2999547.png",51.8777957854104,68.4710079763754,"— Steady","Recent form (51.9) is close to season avg (55.2)"
"Ben Sheppard","G","IND","https://a.espncdn.com/i/headshots/nba/players/full/4433076.png",51.7971159074838,46.7381614954506,"— Steady","Recent form (51.8) is close to season avg (57.2)"
"Josh Okogie","G","CHA","https://a.espncdn.com/i/headshots/nba/players/full/4065663.png",51.690738840942,45.7560050566127,"— Steady","Recent form (51.7) is close to season avg (65.1)"
"Maxwell Lewis",NA,NA,NA,51.6292115553663,51.6920490760599,"— Steady","Recent form (51.6) is close to season avg (54.9)"
"Jalen Green","G","HOU","https://a.espncdn.com/i/headshots/nba/players/full/4437244.png",50.9939989241567,43.9876255016503,"— Steady","Recent form (51) is close to season avg (65.5)"
"Bobby Portis","F","MIL","https://a.espncdn.com/i/headshots/nba/players/full/3064482.png",50.6984075269655,47.3875279313144,"— Steady","Recent form (50.7) is close to season avg (69.6)"
"Justin Edwards","F","PHI","https://a.espncdn.com/i/headshots/nba/players/full/4711297.png",50.5666806687907,72.9430966430621,"— Steady","Recent form (50.6) is close to season avg (58.3)"
"Max Strus","G","CLE","https://a.espncdn.com/i/headshots/nba/players/full/4065778.png",50.5125787759958,64.634754362934,"— Steady","Recent form (50.5) is close to season avg (67.5)"
"Richaun Holmes",NA,NA,NA,50.3183057098519,63.98673684903,"— Steady","Recent form (50.3) is close to season avg (66.6)"
"Nick Richards","C","PHX","https://a.espncdn.com/i/headshots/nba/players/full/4278076.png",50.1226118765168,41.3700225700575,"— Steady","Recent form (50.1) is close to season avg (62.2)"
"Bam Adebayo","C","MIA","https://a.espncdn.com/i/headshots/nba/players/full/4066261.png",50.0260407763607,65.4638746229666,"— Steady","Recent form (50) is close to season avg (71.8)"
"Jalen Suggs","G","ORL","https://a.espncdn.com/i/headshots/nba/players/full/4432165.png",49.9684752684798,69.4805176980219,"— Steady","Recent form (50) is close to season avg (65.7)"
"Amen Thompson","G","HOU","https://a.espncdn.com/i/headshots/nba/players/full/4684740.png",49.6697622051432,55.8182965423795,"— Steady","Recent form (49.7) is close to season avg (72.7)"
"Victor Wembanyama","F","SA","https://a.espncdn.com/i/headshots/nba/players/full/5104157.png",49.6573963390814,53.9003834039457,"— Steady","Recent form (49.7) is close to season avg (79)"
"Rudy Gobert","C","MIN","https://a.espncdn.com/i/headshots/nba/players/full/3032976.png",49.5454672758189,48.2390287358422,"— Steady","Recent form (49.5) is close to season avg (71.1)"
"Luke Kornet","C","BOS","https://a.espncdn.com/i/headshots/nba/players/full/3064560.png",49.5298934194216,40.3821968869822,"— Steady","Recent form (49.5) is close to season avg (70.6)"
"Keyonte George","G","UTAH","https://a.espncdn.com/i/headshots/nba/players/full/4433627.png",49.498203510971,40.7142556139703,"— Steady","Recent form (49.5) is close to season avg (61.9)"
"Brandon Ingram","F","NO","https://a.espncdn.com/i/headshots/nba/players/full/3913176.png",49.3560909933698,49.4765219847505,"— Steady","Recent form (49.4) is close to season avg (63.9)"
"Jonathan Kuminga","F","GS","https://a.espncdn.com/i/headshots/nba/players/full/4433247.png",49.1302094637822,39.4858690507374,"— Steady","Recent form (49.1) is close to season avg (63.8)"
"Zach Edey","C","MEM","https://a.espncdn.com/i/headshots/nba/players/full/4600663.png",49.0854385576982,64.8892431894755,"— Steady","Recent form (49.1) is close to season avg (69.9)"
"Caleb Houstan","G","ORL","https://a.espncdn.com/i/headshots/nba/players/full/4433623.png",48.9205321277552,75.1915562388297,"— Steady","Recent form (48.9) is close to season avg (52.2)"
"Ricky Council IV",NA,NA,NA,48.8103298708232,41.7939943209341,"— Steady","Recent form (48.8) is close to season avg (58.9)"
"Brandon Boston",NA,NA,NA,48.783863049535,34.3529870605071,"Cold (last 10)","Last 10 avg (34.4) is 8.8 below season avg (61.7). Dragged down by DEF, REB"
"Kevin Porter Jr.","G","MIL","https://a.espncdn.com/i/headshots/nba/players/full/4397140.png",48.7578302494405,87.9155001826485,"— Steady","Recent form (48.8) is close to season avg (66.6)"
"Obi Toppin","F","IND","https://a.espncdn.com/i/headshots/nba/players/full/4278355.png",48.7313504249147,47.7571079438434,"— Steady","Recent form (48.7) is close to season avg (65.4)"
"Jalen Hood-Schifino",NA,NA,NA,48.526080907845,45.539578851534,"— Steady","Recent form (48.5) is close to season avg (54.6)"
"Caleb Martin","F","DAL","https://a.espncdn.com/i/headshots/nba/players/full/3138160.png",48.5134005815615,50.0858941604803,"— Steady","Recent form (48.5) is close to season avg (60.2)"
"Franz Wagner","F","ORL","https://a.espncdn.com/i/headshots/nba/players/full/4566434.png",48.4732328280215,64.1897455265988,"— Steady","Recent form (48.5) is close to season avg (71.2)"
"Johnny Juzang","G","UTAH","https://a.espncdn.com/i/headshots/nba/players/full/4432817.png",48.4307526686717,44.11756354687,"— Steady","Recent form (48.4) is close to season avg (56.9)"
"KJ Martin",NA,NA,NA,48.4026447120189,42.0052134377628,"Cold (last 10)","Last 10 avg (42) is 6.5 below season avg (57). Dragged down by SCORING, PLAY"
"Ryan Rollins","G","MIL","https://a.espncdn.com/i/headshots/nba/players/full/4591725.png",48.3312256496239,60.1936151712413,"— Steady","Recent form (48.3) is close to season avg (62.9)"
"Collin Sexton","G","UTAH","https://a.espncdn.com/i/headshots/nba/players/full/4277811.png",48.3245262403012,50.6598878597663,"— Steady","Recent form (48.3) is close to season avg (62.7)"
"Tyson Etienne",NA,NA,NA,48.3111743677195,NA,"— Steady","Recent form (48.3) is close to season avg (48.3)"
"Aaron Nesmith","G","IND","https://a.espncdn.com/i/headshots/nba/players/full/4396909.png",48.2542788768192,36.3845933339906,"— Steady","Recent form (48.3) is close to season avg (65.3)"
"Kris Dunn","G","LAC","https://a.espncdn.com/i/headshots/nba/players/full/2991139.png",48.1517684846275,58.1446320776068,"— Steady","Recent form (48.2) is close to season avg (67.5)"
"Malik Monk","G","SAC","https://a.espncdn.com/i/headshots/nba/players/full/4066262.png",48.0933350382343,47.3475037852594,"— Steady","Recent form (48.1) is close to season avg (68.6)"
"Miles Bridges","F","CHA","https://a.espncdn.com/i/headshots/nba/players/full/4066383.png",47.8111115415377,40.1086793672767,"— Steady","Recent form (47.8) is close to season avg (67.5)"
"Scoot Henderson","G","POR","https://a.espncdn.com/i/headshots/nba/players/full/4683678.png",47.8098720664897,42.6238294273783,"— Steady","Recent form (47.8) is close to season avg (64.6)"
"Brandin Podziemski","G","GS","https://a.espncdn.com/i/headshots/nba/players/full/4709138.png",47.6690473517846,45.2738688522521,"— Steady","Recent form (47.7) is close to season avg (68.2)"
"Christian Braun","G","DEN","https://a.espncdn.com/i/headshots/nba/players/full/4431767.png",47.6480216778236,48.4613576806632,"— Steady","Recent form (47.6) is close to season avg (69.8)"
"Sam Hauser","F","BOS","https://a.espncdn.com/i/headshots/nba/players/full/4065804.png",47.2968008698688,39.7909934946427,"— Steady","Recent form (47.3) is close to season avg (61.9)"
"Payton Pritchard","G","BOS","https://a.espncdn.com/i/headshots/nba/players/full/4066354.png",47.121746035739,33.9732081853512,"Cold (last 10)","Last 10 avg (34) is 8.7 below season avg (68.8). Dragged down by PLAY, DISC"
"Tari Eason","F","HOU","https://a.espncdn.com/i/headshots/nba/players/full/4433192.png",47.0747230263802,43.9663261688185,"— Steady","Recent form (47.1) is close to season avg (70.2)"
"Gabe Vincent","G","LAL","https://a.espncdn.com/i/headshots/nba/players/full/3137259.png",47.011982768549,54.1317152166208,"— Steady","Recent form (47) is close to season avg (56.1)"
"Tidjane Salaün",NA,NA,NA,46.9405721186249,55.1659754398725,"— Steady","Recent form (46.9) is close to season avg (57)"
"Tobias Harris","F","DET","https://a.espncdn.com/i/headshots/nba/players/full/6440.png",46.6913948859126,41.5681564680795,"— Steady","Recent form (46.7) is close to season avg (67.2)"
"Giannis Antetokounmpo","F","MIL","https://a.espncdn.com/i/headshots/nba/players/full/3032977.png",46.6558018826621,87.0809539930403,"— Steady","Recent form (46.7) is close to season avg (80.7)"
"Andre Drummond","C","PHI","https://a.espncdn.com/i/headshots/nba/players/full/6585.png",46.4180052951103,53.0411853409376,"— Steady","Recent form (46.4) is close to season avg (66.1)"
"KJ Simpson","G","CHA","https://a.espncdn.com/i/headshots/nba/players/full/4683834.png",46.2435419950351,72.5496771801533,"— Steady","Recent form (46.2) is close to season avg (57)"
"Jaylen Brown","G","BOS","https://a.espncdn.com/i/headshots/nba/players/full/3917376.png",45.9761958994777,38.3245986731945,"— Steady","Recent form (46) is close to season avg (71.2)"
"Evan Mobley","C","CLE","https://a.espncdn.com/i/headshots/nba/players/full/4432158.png",45.8681457575949,41.3109389303769,"— Steady","Recent form (45.9) is close to season avg (77)"
"Kentavious Caldwell-Pope","G","ORL","https://a.espncdn.com/i/headshots/nba/players/full/2581018.png",45.6369900948739,68.6624916718016,"— Steady","Recent form (45.6) is close to season avg (60.8)"
"Ayo Dosunmu","G","CHI","https://a.espncdn.com/i/headshots/nba/players/full/4397002.png",45.5787949200311,53.3646547583446,"— Steady","Recent form (45.6) is close to season avg (64.3)"
"Kel'el Ware","C","MIA","https://a.espncdn.com/i/headshots/nba/players/full/5105623.png",45.5027825287689,55.0470367484755,"— Steady","Recent form (45.5) is close to season avg (68.4)"
"Zion Williamson","F","NO","https://a.espncdn.com/i/headshots/nba/players/full/4395628.png",45.4315795354916,42.4998454326226,"— Steady","Recent form (45.4) is close to season avg (73.3)"
"Donte DiVincenzo","G","MIN","https://a.espncdn.com/i/headshots/nba/players/full/3934673.png",45.13141284933,42.9382575530419,"Cold (last 10)","Last 10 avg (42.9) is 7.5 below season avg (66.4). Dragged down by REB, DEF"
"Stephen Curry","G","GS","https://a.espncdn.com/i/headshots/nba/players/full/3975.png",45.0690908446996,48.9652144951284,"— Steady","Recent form (45.1) is close to season avg (73.6)"
"Chet Holmgren","C","OKC","https://a.espncdn.com/i/headshots/nba/players/full/4433255.png",45.0140225843726,37.4381032483954,"— Steady","Recent form (45) is close to season avg (74.5)"
"Georges Niang","F","ATL","https://a.espncdn.com/i/headshots/nba/players/full/2990969.png",44.8989673185293,39.1088589807467,"Cold (last 10)","Last 10 avg (39.1) is 7.6 below season avg (61.2). Dragged down by IMPACT, REB"
"Wendell Carter Jr.","C","ORL","https://a.espncdn.com/i/headshots/nba/players/full/4277847.png",44.7358067993797,53.5788851855828,"— Steady","Recent form (44.7) is close to season avg (65.1)"
"Michael Porter Jr.","F","DEN","https://a.espncdn.com/i/headshots/nba/players/full/4278104.png",44.594231166525,39.0288430425769,"Cold (last 10)","Last 10 avg (39) is 7.4 below season avg (67.1). Dragged down by DISC, DEF"
"Tim Hardaway Jr.","G","DET","https://a.espncdn.com/i/headshots/nba/players/full/2528210.png",44.5637332391325,41.9412874337393,"— Steady","Recent form (44.6) is close to season avg (58)"
"Dru Smith",NA,NA,NA,44.4822316546227,56.4274581490156,"— Steady","Recent form (44.5) is close to season avg (66.5)"
"Tre Mann",NA,NA,NA,44.4620402586178,45.7346225979497,"— Steady","Recent form (44.5) is close to season avg (60)"
"Andrew Nembhard","G","IND","https://a.espncdn.com/i/headshots/nba/players/full/4395712.png",44.44581466494,43.0110878496953,"— Steady","Recent form (44.4) is close to season avg (68.5)"
"Chuma Okeke",NA,NA,NA,44.2605192052377,71.1816111462617,"— Steady","Recent form (44.3) is close to season avg (62.9)"
"Isaiah Hartenstein","C","OKC","https://a.espncdn.com/i/headshots/nba/players/full/4222252.png",44.156360845731,48.3414677813622,"— Steady","Recent form (44.2) is close to season avg (75.3)"
"Alex Caruso","G","OKC","https://a.espncdn.com/i/headshots/nba/players/full/2991350.png",44.0930665943858,39.0730985785815,"Cold (last 10)","Last 10 avg (39.1) is 7.7 below season avg (71.1). Dragged down by DISC, IMPACT"
"Jonathan Isaac","F","ORL","https://a.espncdn.com/i/headshots/nba/players/full/4065654.png",43.9222676387723,66.3247568203457,"— Steady","Recent form (43.9) is close to season avg (67.8)"
"Kyrie Irving","G","DAL","https://a.espncdn.com/i/headshots/nba/players/full/6442.png",43.9204134715391,52.6433201744075,"— Steady","Recent form (43.9) is close to season avg (71.7)"
"Naji Marshall","F","DAL","https://a.espncdn.com/i/headshots/nba/players/full/4278594.png",43.8966608405517,50.0289429942615,"— Steady","Recent form (43.9) is close to season avg (64.8)"
"Gradey Dick","G","TOR","https://a.espncdn.com/i/headshots/nba/players/full/5106258.png",43.7268464591368,40.2218796688437,"— Steady","Recent form (43.7) is close to season avg (57.6)"
"Derrick White","G","BOS","https://a.espncdn.com/i/headshots/nba/players/full/3078576.png",43.6481214333084,46.5197772124651,"— Steady","Recent form (43.6) is close to season avg (73.5)"
"Ivica Zubac","C","LAC","https://a.espncdn.com/i/headshots/nba/players/full/4017837.png",43.4862309648861,47.481686284736,"— Steady","Recent form (43.5) is close to season avg (74.9)"
"Gary Payton II","G","GS","https://a.espncdn.com/i/headshots/nba/players/full/3134903.png",43.305124642829,38.9663437751808,"Cold (last 10)","Last 10 avg (39) is 7.4 below season avg (64.7). Dragged down by DEF, DISC"
"Cason Wallace","G","OKC","https://a.espncdn.com/i/headshots/nba/players/full/4683692.png",43.2235826081257,35.3049082470175,"Cold (last 10)","Last 10 avg (35.3) is 7.4 below season avg (69.3). Dragged down by SCORING, DEF"
"P.J. Washington","F","DAL","https://a.espncdn.com/i/headshots/nba/players/full/4278078.png",43.0929642504611,47.295336520828,"— Steady","Recent form (43.1) is close to season avg (67.1)"
"Karl-Anthony Towns","C","NY","https://a.espncdn.com/i/headshots/nba/players/full/3136195.png",42.7701697155558,40.8052121590747,"Cold (last 10)","Last 10 avg (40.8) is 9.1 below season avg (73.2). Dragged down by DISC, REB"
"Santi Aldama","F","MEM","https://a.espncdn.com/i/headshots/nba/players/full/4593125.png",42.6993125533662,38.3512191963019,"Cold (last 10)","Last 10 avg (38.4) is 11.5 below season avg (70.5). Dragged down by SCORING, PLAY"
"Dean Wade","F","CLE","https://a.espncdn.com/i/headshots/nba/players/full/3912848.png",42.6821246034007,41.5022202581873,"Cold (last 5)","Last 5 avg (42.7) is 9.7 below season avg (63.5). Dragged down by REB, SCORING"
"Jrue Holiday","G","BOS","https://a.espncdn.com/i/headshots/nba/players/full/3995.png",42.5291831244189,48.7571757260767,"— Steady","Recent form (42.5) is close to season avg (69.2)"
"Peyton Watson","G","DEN","https://a.espncdn.com/i/headshots/nba/players/full/4576087.png",42.459695716834,64.4773520818681,"— Steady","Recent form (42.5) is close to season avg (63)"
"Cody Williams","F","UTAH","https://a.espncdn.com/i/headshots/nba/players/full/4895758.png",42.4505550596034,37.4013237425326,"— Steady","Recent form (42.5) is close to season avg (50.9)"
"Norman Powell","G","LAC","https://a.espncdn.com/i/headshots/nba/players/full/2595516.png",42.4105060897093,37.2584952462891,"— Steady","Recent form (42.4) is close to season avg (66.5)"
"Jalen Brunson","G","NY","https://a.espncdn.com/i/headshots/nba/players/full/3934672.png",41.828208789028,40.2527366252228,"— Steady","Recent form (41.8) is close to season avg (71.8)"
"Royce O'Neale","F","PHX","https://a.espncdn.com/i/headshots/nba/players/full/2583632.png",41.7464522665721,34.4451152878757,"Cold (last 5)","Last 5 avg (41.7) is 10.4 below season avg (63.2). Dragged down by PLAY, DISC"
"Kyle Anderson","F","MIA","https://a.espncdn.com/i/headshots/nba/players/full/2993874.png",41.7053967045866,66.8566305418232,"— Steady","Recent form (41.7) is close to season avg (65.6)"
"Mikal Bridges","G","NY","https://a.espncdn.com/i/headshots/nba/players/full/3147657.png",41.7006787771701,41.3618756374779,"— Steady","Recent form (41.7) is close to season avg (67)"
"Lauri Markkanen","F","UTAH","https://a.espncdn.com/i/headshots/nba/players/full/4066336.png",41.6408124424643,37.960201336793,"— Steady","Recent form (41.6) is close to season avg (61.8)"
"Dorian Finney-Smith","F","LAL","https://a.espncdn.com/i/headshots/nba/players/full/2578185.png",41.5596263064369,66.6212728735665,"— Steady","Recent form (41.6) is close to season avg (62.9)"
"AJ Johnson","G","WSH","https://a.espncdn.com/i/headshots/nba/players/full/5170947.png",41.5134319063566,38.0293734870163,"Cold (last 5)","Last 5 avg (41.5) is 11.7 below season avg (57.6). Dragged down by PLAY, IMPACT"
"Joel Embiid","C","PHI","https://a.espncdn.com/i/headshots/nba/players/full/3059318.png",41.4909714375832,57.4604117357999,"— Steady","Recent form (41.5) is close to season avg (69.4)"
"Kevin Durant","F","PHX","https://a.espncdn.com/i/headshots/nba/players/full/3202.png",41.3496935464268,39.3854627636206,"— Steady","Recent form (41.3) is close to season avg (71.2)"
"Nikola Jović",NA,NA,NA,41.3213819185694,34.4166177746223,"Cold (last 10)","Last 10 avg (34.4) is 8.5 below season avg (63.5). Dragged down by SCORING, DEF"
"Tyrese Maxey","G","PHI","https://a.espncdn.com/i/headshots/nba/players/full/4431678.png",41.3065587053176,34.1630645702818,"Cold (last 10)","Last 10 avg (34.2) is 8.8 below season avg (69.7). Dragged down by DISC, PLAY"
"Vasilije Micic",NA,NA,NA,40.9095587850997,37.8112616709529,"Cold (last 5)","Last 5 avg (40.9) is 9.1 below season avg (55.9). Dragged down by PLAY, DISC"
"Jimmy Butler III","F","GS","https://a.espncdn.com/i/headshots/nba/players/full/6430.png",40.7384544719077,34.5400634434833,"Cold (last 10)","Last 10 avg (34.5) is 7.7 below season avg (74.6). Dragged down by DEF, DISC"
"Al Horford","C","BOS","https://a.espncdn.com/i/headshots/nba/players/full/3213.png",40.4244937424601,49.7347412332313,"— Steady","Recent form (40.4) is close to season avg (69.1)"
"Jose Alvarado","G","NO","https://a.espncdn.com/i/headshots/nba/players/full/4277869.png",40.3448854591528,40.3565307766309,"— Steady","Recent form (40.3) is close to season avg (65.2)"
"Amir Coffey","G","LAC","https://a.espncdn.com/i/headshots/nba/players/full/4066387.png",40.2529719251991,60.7407215091845,"— Steady","Recent form (40.3) is close to season avg (57.5)"
"Khris Middleton","F","WSH","https://a.espncdn.com/i/headshots/nba/players/full/6609.png",40.1816591638034,37.0147991585154,"Cold (last 5)","Last 5 avg (40.2) is 10.5 below season avg (68.4). Dragged down by DISC, DEF"
"Klay Thompson","G","DAL","https://a.espncdn.com/i/headshots/nba/players/full/6475.png",40.0063418837571,40.8909123827976,"Cold (last 10)","Last 10 avg (40.9) is 6.6 below season avg (61.9). Dragged down by DEF, DISC"
"Andrew Wiggins","F","MIA","https://a.espncdn.com/i/headshots/nba/players/full/3059319.png",39.9552501083445,69.3955924063555,"— Steady","Recent form (40) is close to season avg (64.3)"
"Tyrese Haliburton","G","IND","https://a.espncdn.com/i/headshots/nba/players/full/4396993.png",39.9249590663659,45.3180479545614,"— Steady","Recent form (39.9) is close to season avg (78.5)"
"Ja Morant","G","MEM","https://a.espncdn.com/i/headshots/nba/players/full/4279888.png",39.8443708090147,46.0246222697554,"— Steady","Recent form (39.8) is close to season avg (73.5)"
"Jamal Murray","G","DEN","https://a.espncdn.com/i/headshots/nba/players/full/3936299.png",39.7954581026727,35.7510692167659,"— Steady","Recent form (39.8) is close to season avg (72.7)"
"Mark Williams","C","CHA","https://a.espncdn.com/i/headshots/nba/players/full/4701232.png",39.7606270258514,48.9560341487896,"Cold (last 5)","Last 5 avg (39.8) is 11 below season avg (69.7). Dragged down by REB, DEF"
"D'Angelo Russell","G","BKN","https://a.espncdn.com/i/headshots/nba/players/full/3136776.png",39.7121365582603,48.3306982813408,"— Steady","Recent form (39.7) is close to season avg (67)"
"Malik Beasley",NA,NA,NA,39.7046902949939,39.0090946351974,"— Steady","Recent form (39.7) is close to season avg (62.4)"
"DaQuan Jeffries",NA,NA,NA,39.500568092971,50.7067939327847,"Cold (last 5)","Last 5 avg (39.5) is 8.4 below season avg (55.4). Dragged down by DISC, SCORING"
"Myles Turner","C","IND","https://a.espncdn.com/i/headshots/nba/players/full/3133628.png",39.2448583772621,35.1440624088599,"Cold (last 5)","Last 5 avg (39.2) is 11.4 below season avg (68.4). Dragged down by DISC, SCORING"
"Mike Conley","G","MIN","https://a.espncdn.com/i/headshots/nba/players/full/3195.png",39.181808329201,42.790698736154,"Cold (last 5)","Last 5 avg (39.2) is 10.5 below season avg (67.4). Dragged down by DEF, DISC"
"Austin Reaves","G","LAL","https://a.espncdn.com/i/headshots/nba/players/full/4066457.png",39.1084284777055,45.7928449137781,"Cold (last 5)","Last 5 avg (39.1) is 13.5 below season avg (70.2). Dragged down by REB, SCORING"
"Draymond Green","F","GS","https://a.espncdn.com/i/headshots/nba/players/full/6589.png",38.703657395511,39.7100591645168,"Cold (last 5)","Last 5 avg (38.7) is 12.1 below season avg (70.9). Dragged down by PLAY, SCORING"
"Kyle Kuzma","F","MIL","https://a.espncdn.com/i/headshots/nba/players/full/3134907.png",38.6682045385715,52.7817019234092,"Cold (last 5)","Last 5 avg (38.7) is 9.3 below season avg (57.8). Dragged down by REB, IMPACT"
"Jeremy Sochan","F","SA","https://a.espncdn.com/i/headshots/nba/players/full/4610139.png",38.6472535016748,42.3910745246877,"— Steady","Recent form (38.6) is close to season avg (67.3)"
"Trey Murphy III","F","NO","https://a.espncdn.com/i/headshots/nba/players/full/4397688.png",38.1400123145801,39.0048256858112,"Cold (last 5)","Last 5 avg (38.1) is 10.8 below season avg (63.8). Dragged down by DISC, IMPACT"
"Bismack Biyombo","C","SA","https://a.espncdn.com/i/headshots/nba/players/full/6427.png",37.9372472012216,37.7365779997542,"— Steady","Recent form (37.9) is close to season avg (62.4)"
"Taurean Prince","F","MIL","https://a.espncdn.com/i/headshots/nba/players/full/2990962.png",37.6225077474989,36.3501977632495,"Cold (last 5)","Last 5 avg (37.6) is 10 below season avg (60). Dragged down by DEF, REB"
"Josh Hart","G","NY","https://a.espncdn.com/i/headshots/nba/players/full/3062679.png",37.2993616904155,36.1004863788151,"Cold (last 5)","Last 5 avg (37.3) is 11.6 below season avg (73.6). Dragged down by DEF, REB"
"Kelly Olynyk","F","NO","https://a.espncdn.com/i/headshots/nba/players/full/2489663.png",37.2216160352147,49.9518383038151,"— Steady","Recent form (37.2) is close to season avg (66.1)"
"Chris Paul","G","SA","https://a.espncdn.com/i/headshots/nba/players/full/2779.png",36.9057537458045,43.2618518122288,"— Steady","Recent form (36.9) is close to season avg (72.8)"
"Dereck Lively II","C","DAL","https://a.espncdn.com/i/headshots/nba/players/full/4683688.png",36.8183841588807,33.7382238512597,"— Steady","Recent form (36.8) is close to season avg (74.8)"
"Anthony Edwards","G","MIN","https://a.espncdn.com/i/headshots/nba/players/full/4594268.png",36.7160580847998,52.5505073850059,"— Steady","Recent form (36.7) is close to season avg (71.5)"
"Miles McBride","G","NY","https://a.espncdn.com/i/headshots/nba/players/full/4431823.png",36.664790783791,39.5152556063692,"Cold (last 5)","Last 5 avg (36.7) is 11 below season avg (63.4). Dragged down by REB, DEF"
"Nikola Jokić",NA,NA,NA,36.3425710491267,32.9518764894269,"Cold (last 10)","Last 10 avg (33) is 10.7 below season avg (86.8). Dragged down by SCORING, REB"
"Rui Hachimura","F","LAL","https://a.espncdn.com/i/headshots/nba/players/full/4066648.png",36.30444159695,45.2169222279705,"Cold (last 5)","Last 5 avg (36.3) is 11 below season avg (64.5). Dragged down by SCORING, DISC"
"Ty Jerome","G","CLE","https://a.espncdn.com/i/headshots/nba/players/full/4065733.png",36.2579069581902,53.8277041847045,"Cold (last 5)","Last 5 avg (36.3) is 15.4 below season avg (71.2). Dragged down by DEF, SCORING"
"Kristaps Porziņģis",NA,NA,NA,35.9673330492458,33.9930976815552,"Cold (last 5)","Last 5 avg (36) is 15.4 below season avg (69.8). Dragged down by REB, DEF"
"Brook Lopez","C","MIL","https://a.espncdn.com/i/headshots/nba/players/full/3448.png",35.8113269630409,34.6555932251027,"Cold (last 5)","Last 5 avg (35.8) is 15.5 below season avg (66.7). Dragged down by DISC, IMPACT"
"Duncan Robinson","F","MIA","https://a.espncdn.com/i/headshots/nba/players/full/3157465.png",35.7765693455146,43.4812206174647,"Cold (last 5)","Last 5 avg (35.8) is 13 below season avg (59.8). Dragged down by REB, DISC"
"Damian Lillard","G","MIL","https://a.espncdn.com/i/headshots/nba/players/full/6606.png",35.6683646509942,35.0241372538186,"Cold (last 5)","Last 5 avg (35.7) is 11.8 below season avg (72.2). Dragged down by DISC, REB"
"Tyler Herro","G","MIA","https://a.espncdn.com/i/headshots/nba/players/full/4395725.png",35.0299739496939,42.4086119619743,"Cold (last 5)","Last 5 avg (35) is 12 below season avg (70.3). Dragged down by DISC, DEF"
"Desmond Bane","G","MEM","https://a.espncdn.com/i/headshots/nba/players/full/4066320.png",34.9199370956159,40.5763182588211,"Cold (last 5)","Last 5 avg (34.9) is 17.2 below season avg (71.1). Dragged down by IMPACT, PLAY"
"Russell Westbrook","G","DEN","https://a.espncdn.com/i/headshots/nba/players/full/3468.png",34.834094085355,36.8949921194835,"Cold (last 5)","Last 5 avg (34.8) is 19.1 below season avg (68.2). Dragged down by REB, DISC"
"Julius Randle","F","MIN","https://a.espncdn.com/i/headshots/nba/players/full/3064514.png",34.6771382079538,48.172448285037,"Cold (last 5)","Last 5 avg (34.7) is 10.8 below season avg (69.3). Dragged down by SCORING, DEF"
"Luka Dončić",NA,NA,NA,34.6506335227461,44.3989433560464,"Cold (last 5)","Last 5 avg (34.7) is 11.7 below season avg (78.2). Dragged down by DISC, PLAY"
"Jarrett Allen","C","CLE","https://a.espncdn.com/i/headshots/nba/players/full/4066328.png",34.6267055750302,37.7988865203614,"Cold (last 5)","Last 5 avg (34.6) is 12.5 below season avg (74.7). Dragged down by DISC, SCORING"
"Jaren Jackson Jr.","F","MEM","https://a.espncdn.com/i/headshots/nba/players/full/4277961.png",34.5422865434465,35.1446442355349,"Cold (last 5)","Last 5 avg (34.5) is 18 below season avg (69.4). Dragged down by IMPACT, DEF"
"Scotty Pippen Jr.","G","MEM","https://a.espncdn.com/i/headshots/nba/players/full/4431785.png",34.5318011247448,35.314334934988,"Cold (last 5)","Last 5 avg (34.5) is 16.6 below season avg (68.8). Dragged down by REB, SCORING"
"Jalen Williams","G","OKC","https://a.espncdn.com/i/headshots/nba/players/full/4593803.png",34.4397211296391,31.994242186856,"Cold (last 5)","Last 5 avg (34.4) is 13.5 below season avg (75.3). Dragged down by IMPACT, DISC"
"Jalen Johnson","F","ATL","https://a.espncdn.com/i/headshots/nba/players/full/4701230.png",34.3474101101913,46.7122962913335,"Cold (last 5)","Last 5 avg (34.3) is 12.1 below season avg (74.4). Dragged down by DEF, DISC"
"Walker Kessler","C","UTAH","https://a.espncdn.com/i/headshots/nba/players/full/4433136.png",34.0271728043032,33.81599170426,"Cold (last 5)","Last 5 avg (34) is 12.5 below season avg (72). Dragged down by DISC, DEF"
"Darius Garland","G","CLE","https://a.espncdn.com/i/headshots/nba/players/full/4396907.png",33.2102709017611,35.8433189752768,"Cold (last 5)","Last 5 avg (33.2) is 14.3 below season avg (74.5). Dragged down by REB, DEF"
"Shai Gilgeous-Alexander","G","OKC","https://a.espncdn.com/i/headshots/nba/players/full/4278073.png",32.4311331655636,31.7035770961205,"Cold (last 5)","Last 5 avg (32.4) is 14.1 below season avg (82). Dragged down by PLAY, DISC"
"Isaiah Jackson",NA,NA,NA,NA,NA,"— Steady","Recent form (NaN) is close to season avg (73.2)"
